public/rocket fuel.webp,1200,1500,exact
public/sour bubble gum gummies.jpg,1200,1500,exact
public/rocket fuel.jpg,1200,1500,exact
public/ICE CREAM MINTZ.jpg,1200,1500,exact
public/mylars for me/ice cream.jpg,1200,1500,exact
public/mylars for me/Copy of uni piss.webp,1200,1500,exact
public/mylars for me/ice cream.webp,1200,1500,exact
public/mylars for me/mochi.webp,1200,1500,exact
public/mylars for me/Copy of uni piss.jpg,1200,1500,exact
public/mylars for me/mochi.jpg,1200,1500,exact
public/sour bubble gum gummies.webp,1200,1500,exact
public/ORANGE CREAMSICLE MIMOSA.jpg,1200,1500,exact
public/hardcore runtz.jpg,1200,1500,exact
public/ORANGE CREAMSICLE MIMOSA.webp,1200,1500,exact
public/ICE CREAM MINTZ.webp,1200,1500,exact
public/hardcore runtz.webp,1200,1500,exact
